Model,MAE,RMSE,R²,MAPE (%),Time (s)
RF,2.8802566932349896,3.6425798544021815,0.1825773238519931,33.98031695673065,2.2081797122955322
XGB,2.964962854639627,3.72918134266264,0.14324721646447947,34.36149827915644,1.1705622673034668
HGB,2.9923333214584797,3.7902360426656747,0.11496380364773584,34.822409696705456,8.616443872451782
HYBRID,2.9103743002062723,3.6735984011869403,0.16859645234657616,32.82507623858723,7.373319625854492
