Model,Target Variable,MAE,RMSE,R2,MAPE,Time (s)
HistGradientBoosting,Admissions,0.265797335798354,0.32436418183309335,-0.17083037739743223,201.92578153092677,7.733806133270264
HistGradientBoosting,ICU Occupancy,0.1372649821693466,0.18054324756608525,-0.0943107900834601,244.93455860333273,6.330374717712402
HistGradientBoosting,Ventilator Usage,0.36188223103908645,0.5361313476417884,0.9458642756487309,82.77386025737671,5.944775104522705
